id,name,conference_alias
492f023b-5f93-413b-ba53-e384d2c8f233,Abilene Christian,Slnd
3e7db475-65d4-46b4-b533-0e11f1c79e53,Air Force,MWC
2476f2bb-e3dd-45d8-8a92-14c4e75b4ae9,Akron,MAC
7748158a-c87c-4300-9ed1-284c3fb07932,Alabama,SEC
7a322391-7279-4127-a06e-d336f8505325,Alabama A&M,SWAC
144f4e0f-08ae-48ae-bc4e-9062f24377d0,Alabama St.,SWAC
a815a4bf-eda6-49e2-844c-dc93817561e9,Albany,AE
2b5d6e0b-7cb4-48a4-bfe8-5a4708bff579,Alcorn St.,SWAC
003a1e4c-1cef-4db2-be63-c11cfdd73d3a,American,Pat
12ec839f-36a1-4ef9-835e-5c3dfb48cf96,Appalachian St.,SB
127b85e3-10a8-495c-a77e-f2ec4371a9cc,Arizona,P12
93f145aa-4d49-4062-8bde-1e22fd085d26,Arizona St.,P12
b7dacc2a-4b9d-4510-8557-0aa2075415d8,Arkansas,SEC
d7b7b608-e13d-4974-b6ed-ac0f8937ce16,Arkansas Pine Bluff,SWAC
e64fa907-1ea6-4205-a6ff-45dc47812037,Arkansas St.,SB
87f4d619-0ad9-4cd0-af13-09941333a6b0,Army,Pat
7a113c46-d478-4b90-9718-6ce4cf740178,Auburn,SEC
da11031d-5c80-4dd0-a16f-fb87cdbac1e9,Austin Peay,OVC
cf620c8d-ce2d-4cf3-8b19-8f98da4d4f53,BYU,WCC
2b9ad99e-fce5-4a30-a4c2-e5ff32246069,Ball St.,MAC
1a5f4f12-dff3-4a80-b93b-3d329fd10fcf,Baylor,B12
369357fd-18a6-47ce-b4a9-d7a44fcc5827,Bellarmine,ASun
b7003670-31f1-4832-8cc7-ac811355be27,Belmont,OVC
d55471bc-10c5-4e89-96bb-050e1f696578,Binghamton,AE
3ad26193-a80f-4c6f-b9a4-011575bf1fbf,Boise St.,MWC
83bc533b-da14-4631-b9ce-930b781267ac,Boston College,ACC
cb235237-4227-4b97-98d0-377a0bec7b87,Boston University,Pat
34baa54a-7d33-4bd3-ae56-575c36e316fd,Bowling Green,MAC
43dc942d-5b0e-4ced-898c-e12c465db838,Bradley,MVC
da349799-d73a-4da8-bb19-1f129d55fc33,Bryant,NEC
4c26fbd5-577f-4168-9ed8-7aad8a14cbe8,Bucknell,Pat
b05a7e44-edea-40d0-b201-b6f8a851a86a,Buffalo,MAC
9dbbba80-3e24-4daa-9cc0-cabb5702013c,Butler,BE
40305f22-d854-4a82-8e64-5228f925c876,Cal Baptist,WAC
233b1092-2c24-49df-b754-4804c948e699,Cal Poly,BW
0d6296c9-fb8e-449b-a88e-a73b7fb63566,Cal St. Bakersfield,BW
a7140600-7c44-437c-b9d3-178e15737df0,Cal St. Fullerton,BW
0d03baa0-12d2-42c2-85ce-e16a288323a0,Cal St. Northridge,BW
4123b49e-6d95-4997-9846-a558dd49d95b,California,P12
14de42d1-53ad-456e-856f-cdbf8b6547d2,Campbell,BSth
90c8be25-978a-41df-8956-a4ff9a8fbc17,Canisius,MAAC
9d8a2eed-1c60-456a-964d-664ab019e031,Central Arkansas,Slnd
ad4471c0-1c74-4edd-99de-b4475fb1811e,Central Connecticut,NEC
6a2aa461-c002-4009-b436-07ba27aeb650,Central Michigan,MAC
6f35e390-c38d-4fba-b184-f71743f17105,Charleston Southern,BSth
f000e1f9-4935-47f7-b4f0-00400f099ae1,Charlotte,CUSA
bda61578-cbe7-4a42-8778-f33b19be08df,Chattanooga,SC
05ddb2f4-d702-4279-95bf-6d1c9d198618,Chicago St.,WAC
0150596e-f246-498e-bd6e-06c835d5d56b,Cincinnati,Amer
046830cb-143f-4ae7-979c-b8c073f007a1,Clemson,ACC
777dfa5c-b30a-48ac-8c55-6229366560f6,Cleveland St.,Horz
9191c575-6017-4151-850a-118e4754d11a,Coastal Carolina,SB
ad59f8d3-283d-4592-95bc-3cfa5773cc1a,Colgate,Pat
4b76d480-e35a-44b2-bbb0-baf3af5247e1,College of Charleston,CAA
b35f899e-f462-435c-98f0-cf57a708c00b,Colorado,P12
c29ed4d5-775b-42de-b148-7fb1cccc12cb,Colorado St.,MWC
0f3b16ab-f843-4a62-b3f0-c67f6b157677,Connecticut,BE
5504a1cd-8ad7-4dc5-b7b0-97c61d1d899b,Coppin St.,MEAC
1a24e90d-dc89-4557-a823-c2176794d954,Creighton,BE
9214c9d1-f8a3-4a6d-be26-53cc3cf0e548,Davidson,A10
4dd89507-d737-4b6f-b69e-d81c7a0a6f75,Dayton,A10
f73de649-3987-46bc-862f-5f14fb8e10ae,DePaul,BE
17eeb418-0b1f-4c89-8c90-c69a37415065,Delaware,CAA
67c895a6-ebad-4ed3-acd3-8458cd51d113,Delaware St.,MEAC
9a4e0be3-eb53-4e66-a45b-d6ec85bcfb4c,Denver,Sum
809eed99-8dbd-4692-aad6-47d66b8c9b91,Detroit,Horz
ca06f6e2-9873-4076-a364-8b0f24f76a5a,Dixie St.,WAC
1a68e3d3-e38a-41f5-9807-b9f266a2b81b,Drake,MVC
0c2a1927-0c98-4eb4-9504-3a033097f7d0,Drexel,CAA
c7fa442e-c062-4901-8b8f-06fb1b611b35,Duke,ACC
5db0de7a-9f8f-4924-b65f-57b107058568,Duquesne,A10
07f99b39-da12-4e86-b115-92c7441a965a,East Carolina,Amer
2a163bce-1c6a-4c82-af5b-3078b6e43921,East Tennessee St.,SC
c6854e3a-43cc-49a7-a2df-fee2a87e1753,Eastern Illinois,OVC
dc2b103c-70cf-451b-b2d7-1ffb1030b4fe,Eastern Kentucky,OVC
72912d32-ee31-4e5e-9b7d-c376469899e3,Eastern Michigan,MAC
b7e53f7a-7516-4057-a257-89e46aac9ffa,Eastern Washington,BSky
a990c265-0d6d-4965-85b0-7f730be0d9be,Elon,CAA
312ef8b2-d28a-4ba6-8310-53f75eac54c7,Evansville,MVC
0da6ce83-df95-4c71-a101-08d23e72ac11,FIU,CUSA
4b612d44-5f3c-48e9-92f7-8ddfb401cb79,Fairfield,MAAC
e845ce81-a8ca-4579-9e5b-977ecded08dd,Fairleigh Dickinson,NEC
2b19faf7-4c8c-45db-a055-f81cc2966292,Florida,SEC
f4e71466-1d00-4ca5-a09d-4a03221950e2,Florida A&M,MEAC
3bcb1e1f-62ef-4d87-93c7-1c69bcdabf0a,Florida Atlantic,CUSA
f78d2378-d776-4acc-8cf1-5f7eca76fee0,Florida Gulf Coast,ASun
44b033fe-8daa-48cb-a95d-5c9c26a2cfed,Florida St.,ACC
68e3c269-e68c-4e3c-9a5a-d63cc25a5144,Fordham,A10
c2efdfab-28d6-43d8-89b5-45f70e2602d5,Fort Wayne,Horz
c889fc93-d7cb-4ca3-bbe3-047a8d914201,Fresno St.,MWC
52e523ac-cd20-42e2-8015-be1f315d67d1,Furman,SC
442b9079-66bc-4a15-b2e6-257a6c48d14f,Gardner Webb,BSth
0051f27a-b0c5-4b34-a78c-790152082753,George Mason,A10
54e7e9fe-ce1f-4917-92bc-9f89afcaa9a2,George Washington,A10
c53e3a4e-08be-48eb-bdab-27939d4ab5d8,Georgetown,BE
d5d25eb6-0eea-464b-b0b2-273c03e11821,Georgia,SEC
11ac2194-f500-459d-a287-86a0cb7289fc,Georgia Southern,SB
f7413f65-95aa-4e5b-82ba-916445f24fc1,Georgia St.,SB
c5c1183f-c7cc-4102-b91c-34608a578cb0,Georgia Tech,ACC
6239b0d6-57ac-4dab-a2d7-0133c1d008e5,Gonzaga,WCC
79f33876-8549-4e6a-90dc-3f6611c15428,Grambling St.,SWAC
051c79e4-dd4f-4b01-91d2-4e92c7951db3,Grand Canyon,WAC
805d3f8d-ae2e-4da9-be84-7e9f0357e773,Green Bay,Horz
607fab77-9eb1-4cd4-9ed3-16c68d7ec6cf,Hampton,BSth
f67d7e60-b840-41a5-aeed-faafd503e797,Hartford,AE
eab716f8-42e2-4b1e-924c-fcbb4bdf7570,Hawaii,BW
fb5fbaa3-49f8-43ea-8d54-3ba600551f44,High Point,BSth
f616941a-bef6-4c0f-a8a0-a75764bdeeb6,Hofstra,CAA
af5c60ea-6d1b-44bb-86af-611b4fbd87d6,Holy Cross,Pat
2cc5b540-f07e-4f35-9a49-5d50142acdc2,Houston,Amer
074f0f19-2f99-47d9-b0eb-a5d75c94a127,Houston Baptist,Slnd
0e973eef-7166-49e9-b573-765a210cb200,Howard,MEAC
d7fdbbfa-4b01-4543-aca1-09608e0673cc,IUPUI,Horz
1e5fc059-1b2b-408d-9fbd-f014d3e8dd32,Idaho,BSky
0a071d55-afb4-447c-856e-d11a638a7e9d,Idaho St.,BSky
61803683-0bd9-452b-816d-10b171f31fbd,Illinois,B10
bbee5e05-032b-4669-8f2e-1a3cf9695467,Illinois Chicago,Horz
6627bfb0-bc47-4312-87ec-3bb8d9d5664e,Illinois St.,MVC
677543c4-8289-4499-ad23-5c64a3ee9a3c,Incarnate Word,Slnd
83dd8eab-3a53-4080-b67c-5df1a668542c,Indiana,B10
8516ca41-daec-4885-828d-858b3ea7f554,Indiana St.,MVC
bdf9e367-2ce4-4693-a59e-35e0ef928429,Iona,MAAC
184db87a-400c-4cf1-b5ed-e85e2aff11ad,Iowa,B10
7c3b43f5-a8b4-4989-9f7d-cba8ed49bffe,Iowa St.,B12
1556296a-9825-455d-84fe-4d0aa752fa7c,Jackson St.,SWAC
b36b20d1-f02c-4465-af31-dbcd0e809e7a,Jacksonville,ASun
bbfeda0a-56e6-4a54-8eb3-336da9ecb810,Jacksonville St.,OVC
efa67cfd-682f-4d89-8294-e0f8011a8682,James Madison,CAA
f7a54129-d990-49ec-b080-c67fac554e65,Kansas,B12
5b41f749-4eff-410d-a19b-eedc40dbb992,Kansas St.,B12
ca755aaa-50eb-4aaf-a01c-cad03da5e7a8,Kennesaw St.,ASun
04c5f37f-2820-437e-8b65-aa3a8b8aa5f3,Kent St.,MAC
393c0b90-7a54-47b7-8955-c579a2fcba68,Kentucky,SEC
53382879-ce9e-42ea-9bea-ae5e4a60e414,LIU Brooklyn,NEC
96205aa0-4df9-4732-9979-b0c8e5d01433,LSU,SEC
3c9410ed-879f-42d7-9021-6a3411b0427a,La Salle,A10
309da5ad-f427-4e51-84e5-6e1cc951a11b,Lafayette,Pat
7c9d80d9-f0d5-4b00-b95a-c1611cba6252,Lamar,Slnd
cc067780-7a09-46ee-8165-e725bdfc1fcb,Lehigh,Pat
1a64d70e-fe7b-4fd7-99a0-e430b148f6e8,Liberty,ASun
a55c5a34-6b07-4e0d-a964-8114d13c5dc6,Lipscomb,ASun
8c959279-a507-4e37-ad8b-3a9d426a31c5,Little Rock,SB
7d1dbcab-9b6e-47b5-9fbf-dd188e25b4ec,Long Beach St.,BW
069dfac4-4f8c-4e65-97c2-9d750916f3a7,Longwood,BSth
adc9a567-140a-4c79-89ac-d50217dccfc0,Louisiana Lafayette,SB
57c8bcba-3906-4e54-9604-5697baa94457,Louisiana Monroe,SB
0ee71c24-80b3-434f-bd00-37760477b1bf,Louisiana Tech,CUSA
f1a2b90f-3f76-4805-919d-8cac97a4ed4e,Louisville,ACC
0bea44c2-10a1-4bf2-8349-afe1bb823472,Loyola Chicago,MVC
ec50d29a-2248-4d8f-99f2-5c754c464ee8,Loyola MD,Pat
32977013-e112-4a17-92a6-bda7a162926e,Loyola Marymount,WCC
3fbdabe6-c11d-4992-8afd-3b31dd47f522,Maine,AE
a95de4d3-b6cc-416a-b337-553f23fa2274,Manhattan,MAAC
9f816214-cc40-48a1-8ce0-98cb9ba1d3e3,Marist,MAAC
c02851c5-c56a-45ce-9034-34d058f41c73,Marquette,BE
9759c73b-9362-44f7-a52b-d79f9a087e48,Marshall,CUSA
f9f858d8-3ff0-422a-8a84-2e07f8e8cd8d,Maryland,B10
33347ea8-a328-4e42-91ca-832f4a2c7edd,Massachusetts,A10
76f5d3ce-7c31-498a-9ef9-689ee4b5547c,McNeese St.,Slnd
b3ff2165-e0cd-434d-9868-f5100a0555cd,Memphis,Amer
49ddcb4f-4b94-4516-b3e3-695b4a612dd7,Mercer,SC
6882699e-b21f-4a46-b6af-cfd25cf51186,Merrimack,NEC
fc8e3352-221d-4a91-b497-94379565bf08,Miami FL,ACC
72f8166a-5f28-4cba-b2a9-125134a0ae70,Miami OH,MAC
0e0a27fc-c2cc-4797-9b96-807601f18030,Michigan,B10
83843346-ef74-4270-ab69-c33f8b29abb3,Michigan St.,B10
7cb03cac-aca6-41b0-b890-149811450de5,Middle Tennessee,CUSA
e303a720-edb7-4910-8c75-3912c8b8cc8b,Milwaukee,Horz
dc3bf624-1168-43cc-944e-aa5a7d043c3a,Minnesota,B10
30af8480-2422-4e16-b912-d63e32455fa4,Mississippi,SEC
f3148835-fd43-47a3-9b88-9e9c1cd79a64,Mississippi St.,SEC
b80bf817-8bf1-4a32-b62b-d8ac7ad400ad,Mississippi Valley St.,SWAC
fa3ddeff-50ae-470c-bb14-b37b5357318b,Missouri,SEC
45805e74-6e55-4aaf-a15f-dee0710f2251,Missouri St.,MVC
f79447c7-a8bc-4a12-87c5-0020d666646d,Monmouth,MAAC
d6903163-c8b1-4695-b9f3-7c36db00c78d,Montana,BSky
261dcc3d-caab-46db-be2f-7a61e40e5539,Montana St.,BSky
4d6bf16b-27b4-4817-8abd-f2c5bd4e1bc0,Morehead St.,OVC
ba0fa6e9-b82b-4859-87fe-a40d7ab73f7c,Morgan St.,MEAC
8437bec7-be43-4b42-ad01-7a385d5afd7a,Mount St. Mary's,NEC
7cb7a603-436e-4157-b9ef-178cbbba1457,Murray St.,OVC
2fe98268-0b1c-4b20-aec3-59a49ebf019f,NJIT,AE
82215d66-e008-4faa-993c-72e2975957d9,Navy,Pat
c0cd1f2b-3932-4b23-87a9-f379968e6503,Nebraska,B10
b30f2f31-5c0c-4e7b-8a91-4e62a721f81f,Nebraska Omaha,Sum
bef07b31-2947-4f89-a2a3-36fe68b42ea7,Nevada,MWC
b15dd3bb-a0d1-4146-9fa2-3c863959081d,New Hampshire,AE
91e3ab47-f4da-41e7-88c3-e2cf8b3819bb,New Mexico,MWC
08a0f657-3a61-4cbc-b4dc-103e531bff87,New Mexico St.,WAC
f3b5a482-fe23-48b0-b4ce-22dee95d3dd0,New Orleans,Slnd
817c60ab-82a3-4be3-94f1-a3c96862c9e8,Niagara,MAAC
3ea801a6-ac1f-465a-b5e8-ff7678aab235,Nicholls St.,Slnd
673e5b5f-c622-4224-bf85-27e8c0d048c3,Norfolk St.,MEAC
11a197e7-8244-4382-875e-408b98f17497,North Alabama,ASun
a2e6f50b-a8e5-4841-99ca-fa0d5d65661e,North Carolina,ACC
85c74d87-09e4-48ae-a27b-eb1370ac72d6,North Carolina A&T,MEAC
b283d589-b364-446e-95a8-dc99d9a64557,North Carolina Central,MEAC
13ae746e-e05c-4dcd-a45c-48cfb6d3b394,North Carolina St.,ACC
79547e51-e4e3-4f2d-90f6-55748ae03280,North Dakota,Sum
393ef530-d93b-4e72-9957-aeb6b7e9e324,North Dakota St.,Sum
d459dea0-4b1b-4b85-8acf-94030a4ab334,North Florida,ASun
3be116a2-40ea-40bf-8445-c6bff37b9147,North Texas,CUSA
ab134d18-70f9-4846-8baa-db5f4351bec4,Northeastern,CAA
3b090651-675a-40c8-9765-98f617f54b9b,Northern Arizona,BSky
c6c61ba4-5572-493a-8989-a2ec9a6dbd1d,Northern Colorado,BSky
ce7ae335-f3c0-4408-8551-81bd80ec7799,Northern Illinois,MAC
4e7b3e28-b02e-4868-93b7-6d743a831361,Northern Iowa,MVC
644ace83-40f0-4e75-8299-1c5feeb65375,Northern Kentucky,Horz
28ea6b5a-5472-41f4-81e8-6b6f65aa7fc9,Northwestern,B10
6f1c8ec2-4ffe-4cbd-a4b7-1e898a800920,Northwestern St.,Slnd
0dd55c1f-4270-4173-8034-e2fdf0822185,Notre Dame,ACC
b528288e-bdba-4950-a4e4-5bda347b3402,Oakland,Horz
93c94fe1-6b78-46a3-b31d-a239d409250a,Ohio,MAC
25187c1c-6dee-48b6-9e53-d6a7d1f1ab4d,Ohio St.,B10
4e21ff7b-a728-47f7-bc45-a5a2c29c1154,Oklahoma,B12
411f8094-3f2a-458f-a543-9f81845d4161,Oklahoma St.,B12
6f6bac7e-8deb-4a22-b8cb-bacb73f7b70d,Old Dominion,CUSA
27d1c79d-8014-49f4-8aa2-f3d53755a44c,Oral Roberts,Sum
bfddd497-3e24-4f79-9609-c63c41657594,Oregon,P12
a9e0bd02-a986-4438-98b7-e92560d1b4e6,Oregon St.,P12
73cfeebd-4431-4256-9a23-c0a418c0c81b,Pacific,WCC
db625018-0d79-4c4c-aea3-acdadd66b69b,Penn St.,B10
8e5a26ce-0843-4506-9858-802d2f295dfb,Pepperdine,WCC
335bc296-93df-43a7-ba74-4e06619b6869,Pittsburgh,ACC
d7b7f4d5-3dc5-4054-a551-5823c3e3e9d6,Portland,WCC
4a2ae72b-a2e0-49d6-b82f-b7a22e20d702,Portland St.,BSky
ec0ff4e2-480b-46d6-bf05-16c6f741e2e0,Prairie View A&M,SWAC
093d452d-dd7f-4930-9ce0-25afd0390c34,Presbyterian,BSth
9ceb712c-2d0d-4b93-8de7-19213f617db7,Providence,BE
6ce12a93-36a6-4151-b219-7f60433c5f36,Purdue,B10
ecb6b1c3-fa8f-49f2-be37-52a1f49f1588,Quinnipiac,MAAC
ce0dd7a4-9446-4ed8-91d7-09d976606897,Radford,BSth
1b7360f5-0f2f-48b9-b49c-99b606d0cb87,Rhode Island,A10
47e71a56-1e53-4d6a-ab6a-e6c9d6e86aa1,Rice,CUSA
a49cfa68-f6eb-4359-a501-b64d70820a32,Richmond,A10
1904c7c1-e1bd-468d-9a09-6390a0b75df9,Rider,MAAC
9c8e1d64-4e11-4664-acf4-8dc66e855a6f,Robert Morris,Horz
e290ebff-9f49-43de-91ef-21a801ca985d,Rutgers,B10
ae8909c7-95e0-4f52-bce9-7522ab01a3e0,SIU Edwardsville,OVC
ce1df552-f21d-49a0-9f9e-62d95e615fbc,SMU,Amer
813715f7-305e-4e9c-8de3-7ef3ef98e398,Sacramento St.,BSky
66b7450f-5b98-4775-8b80-33ba7d10f773,Sacred Heart,NEC
ec88e58f-371f-45d2-99d4-a0a2e640dba1,Saint Joseph's,A10
b2a191d7-bc39-47e5-8f42-18e48df7ec34,Saint Louis,A10
3393a9f9-8281-4675-95cd-a791690bf767,Saint Mary's,WCC
4812c678-dd0d-4e94-b115-656abce9b718,Saint Peter's,MAAC
feaa0d41-19f4-4270-a5e1-348f905dc38f,Sam Houston St.,Slnd
30f0b834-1289-453a-acf5-dc938af86109,Samford,SC
b6112196-9303-4e5b-b8d8-cff7074e92be,San Diego,WCC
032027e6-8eed-4faa-b62b-6dd13526b998,San Diego St.,MWC
aa88d1ae-3d96-4a34-8052-e6f393697f3c,San Francisco,WCC
1b1dbdcd-2b00-45e6-8623-34254fe69c2b,San Jose St.,MWC
4693a399-7a3c-4640-a10b-0845d208e891,Santa Clara,WCC
2eff8682-3994-4dac-9d41-b0d15b6c7106,Seattle,WAC
c4b825f3-c33d-4643-99a2-589b91b1f73c,Seton Hall,BE
2d9e4277-0a25-49fa-8bab-76627e60777b,Siena,MAAC
122ae9ce-2195-438c-82d6-69503c4f8c52,South Alabama,SB
d9adcb82-947b-4111-ba50-8e9349ede31d,South Carolina,SEC
1f5c4bc0-58dc-4bb5-8905-276308236d69,South Carolina St.,MEAC
41c35b94-69dd-45df-882f-c07eb1ef3497,South Dakota,Sum
86ceb512-aa1d-4d82-ab7e-b77f57101ada,South Dakota St.,Sum
809b170d-9591-4034-8061-63fef9452900,South Florida,Amer
e12a4184-a52d-4d86-9380-04e97542fc2b,Southeast Missouri St.,OVC
2c26e90e-bdfa-4734-92ac-8e7a01ce6b99,Southeastern Louisiana,Slnd
40ea0cc6-981a-4cd9-9085-1b9540af9218,Southern,SWAC
8b51f3f0-7cb0-4432-82b4-bb431dfa44ca,Southern Illinois,MVC
20245933-138b-4079-aa6b-54e3d92b9db1,Southern Miss,CUSA
c59b496a-c202-4bdf-af0e-c4c4e1a3477a,Southern Utah,BSky
47abc135-cc79-41dd-a5f7-d3e62521bb02,St. Bonaventure,A10
92d51829-494e-4ff3-b2fd-39e33426e707,St. Francis NY,NEC
837cfb60-1792-43ac-8864-81bf5b4fa5cb,St. Francis PA,NEC
9e2f2ca1-287e-4888-ae96-ee4c85258c2c,St. John's,BE
529dd169-dcfb-4602-b550-a5610a1b8097,Stanford,P12
5bee05bf-80d0-4e6e-a3f4-563c751286aa,Stephen F. Austin,Slnd
4985646b-6d52-4874-9195-a454f1424771,Stetson,ASun
2e3ca420-7d4a-49fe-9972-145e50c6e780,Stony Brook,AE
52f08fcc-09e2-4dcd-b91c-f5f21acff494,Syracuse,ACC
7b146e89-a939-4810-a83f-09d4629dbd11,TCU,B12
11094e7e-810c-41c2-9607-158269dfdabe,Tarleton St.,WAC
f97a0796-bc47-4bd3-a6e6-bf79a18ace26,Temple,Amer
cfb555e4-a4d5-4d76-968a-086d0c1a1060,Tennessee,SEC
7611e11c-00eb-4e46-b34f-98dbd92bcc02,Tennessee Martin,OVC
86a2eca3-61ec-4205-9b2e-4cd020df9f68,Tennessee St.,OVC
7f9904bc-9eab-4583-9f36-9553abd2aabf,Tennessee Tech,OVC
fa89e72a-3671-4628-b3b9-f140ba1d2d7d,Texas,B12
d8acf9ee-2906-42b3-b3dc-e61029791a7c,Texas A&M,SEC
90057e46-d68a-47be-9b61-4c45e1dbf2e1,Texas A&M Corpus Chris,Slnd
d8321489-8aae-4ded-8686-67232c7c9050,Texas Southern,SWAC
ace10ae8-5421-4e48-b337-7226ff36f39f,Texas St.,SB
2e3d5911-3a31-4715-ba74-760ae5eb63db,Texas Tech,B12
714e4307-9299-49a8-a446-46136b7fddcc,The Citadel,SC
ffeea9a6-4d7a-4fbc-be34-7fb61d4ae848,Toledo,MAC
c0968a93-708d-448d-ae3b-1ddccc01aee4,Towson,CAA
3f23a6ee-95da-493f-9d86-b5dd239d6952,Troy,SB
4844a1c7-2ed0-477a-98ca-bda705be0f58,Tulane,Amer
4d9366c4-8e1e-492c-aeab-e9e4f0d19ad6,Tulsa,Amer
4a38b8b1-8dc8-4581-aea7-d3041a5b2c07,UAB,CUSA
ea16623f-c3e3-4b8e-827f-a5bfb04831b9,UC Davis,BW
ad307415-4334-41fa-9f24-f875c2f2a415,UC Irvine,BW
e347d270-66cf-459f-92ed-00e4dbd2eca7,UC Riverside,BW
47978f1e-0116-4568-a824-ba7292dbc334,UC San Diego,BW
16696f69-6728-416b-937a-82b8ba59281e,UC Santa Barbara,BW
d964ac02-d2e2-491f-93ba-fd0a7fa2c889,UCF,Amer
9859a822-caf3-4507-b071-8d5a375fa58a,UCLA,P12
eb874cbb-f131-4285-aa65-7b01559d3740,UMBC,AE
fefaaf38-bc1c-4fe9-80f4-0f9089f282fa,UMKC,Sum
ac757088-f9c1-405b-b8f5-95a5dbe7ee22,UMass Lowell,AE
23fe21c4-7b40-4e1a-a246-7f5371617758,UNC Asheville,BSth
61a281fe-2a6d-4313-8782-8bb62b08f6c7,UNC Greensboro,SC
8c2d3fdb-b341-4ac6-a2f5-64b339b61c91,UNC Wilmington,CAA
a57d74a9-497a-4467-9f70-131123a06b6b,UNLV,MWC
35a11feb-9c9e-4ca2-9985-49118f929583,USC,P12
358b75a5-a038-44ee-b97d-29982d1a7f04,USC Upstate,BSth
530b6e9d-f07b-437b-be20-740001f05cda,UT Arlington,SB
19d56d54-f0d3-4275-b832-0d58b88ac92d,UT Rio Grande Valley,WAC
f54f844a-1fed-4f93-848e-0f2369a3a65b,UTEP,CUSA
04e7883f-19bc-4de4-a607-ab51e88987ac,UTSA,CUSA
43bc7f1a-3f21-42f8-8560-6fdd28d925a6,Utah,P12
6b26421a-291a-48c8-91b8-f369568ba7f0,Utah St.,MWC
faf43505-bc2e-4a7a-aa54-46e423052cd1,Utah Valley,WAC
f0efc656-e526-4f17-82ae-296942d517de,VCU,A10
4daa1362-f0b2-46b5-87d8-66d6db0c3c69,VMI,SC
e481719f-d782-4855-b6d7-0a986bba7a10,Valparaiso,MVC
67dad64c-af6f-4665-a306-36942aa168c2,Vanderbilt,SEC
2041e143-a198-4873-81ca-6f06eb25ed61,Vermont,AE
4a2924d1-45b9-4614-8a2b-c1838808316f,Villanova,BE
067e0304-9940-4019-8f36-f7d67f2ff6a5,Virginia,ACC
49db7622-edda-4b31-a6bf-c221b6e37525,Virginia Tech,ACC
fef51eba-ba47-45e5-bc54-73494803dcc8,Wagner,NEC
8814a32f-ccaa-425f-b721-5b447cdccbd2,Wake Forest,ACC
fe2d6e1a-e2d4-4e35-8fb1-042db2539737,Washington,P12
68841b4a-aa8d-4613-9895-d8d0ec281386,Washington St.,P12
d42b7b80-c228-44b2-94ee-b24374a147cf,Weber St.,BSky
b18f6f12-d05b-4968-95dc-38c8f26a9824,West Virginia,B12
11fe9958-2879-46bd-a0c5-bf1d26b4d2a2,Western Carolina,SC
2d4d6ec9-232a-4c7b-b3b5-d3946632b208,Western Illinois,Sum
754a8e3b-4b6b-45f9-93e6-92634e8eb442,Western Kentucky,CUSA
c1b0b31f-53da-4ca9-9601-a31ac364cd86,Western Michigan,MAC
f2cc875b-3843-45d1-9dba-fad9b5e8c535,Wichita St.,Amer
975a1678-5ce2-4865-bc0b-beeb43b40c11,William & Mary,CAA
61361430-4be2-4436-8426-2b56c1969501,Winthrop,BSth
c2ccd22a-9a01-4038-9273-35ba0e4b43bd,Wisconsin,B10
24ce1ce9-dd65-40d4-acfe-0dbaa168a0ef,Wofford,SC
2ad84a38-77ea-4c18-a577-291caa005185,Wright St.,Horz
ad64eefd-9844-48fd-a587-aa26bb5541f9,Wyoming,MWC
f7189200-0bcd-43d1-8012-03b910f437ea,Xavier,BE
aef63b98-ca7d-4eef-a233-ea7bc2a37380,Youngstown St.,Horz
